NEIGHBORHOOD,COMMUNITY
Armatage,Southwest
Audubon Park,Northeast
Bancroft,Powderhorn
Beltrami,Northeast
Bottineau,Northeast
Bryant,Powderhorn
Bryn Mawr,Calhoun-Isle
Camden Industrial Area,Camden
Carag,Calhoun-Isle
Cedar Rside/West Bank,University
Cedar-Isles-Dean,Calhoun-Isle
Central,Powderhorn
Cleveland,Camden
Columbia,Northeast
Como,University
Cooper,Longfellow
Corcoran,Powderhorn
Diamond Lake,Nokomis
Downtown East,Central
Downtown West,Central
East Harriet,Southwest
East Isles,Calhoun-Isle
East Phillips,Phillips
Ecco,Calhoun-Isle
Elliot Park,Central
Ericsson,Nokomis
Field,Nokomis
Folwell,Camden
Fulton,Southwest
Hale,Nokomis
Harrison,Near North
Hawthorne,Near North
Hiawatha,Longfellow
Holland,Northeast
Howe,Longfellow
Humboldt Indust Area,Camden
Jordan,Near North
Keewaydin,Nokomis
Kenny,Southwest
Kenwood,Calhoun-Isle
King Field,Southwest
Lind-Bohanon,Camden
Linden Hills,Southwest
Logan Park,Northeast
Longfellow,Longfellow
Loring Park,Central
Lowry Hill,Calhoun-Isle
Lowry Hill East,Calhoun-Isle
Lyndale,Powderhorn
Lynnhurst,Southwest
Marcy-Holmes,University
Marshall Terrace,Northeast
Mckinley,Camden
Mid City Industrial Ar,University
Midtown Phillips,Phillips
Minnehaha,Nokomis
Morris Park,Nokomis
Near North,Near North
Nicollet Is/East Bank,University
Northeast Park,Northeast
Northloop,Central
Northrop,Nokomis
Page,Nokomis
Phillips West,Phillips
Powderhorn Park,Powderhorn
Prospect Pk/E River Rd,University
Regina,Nokomis
Seward,Longfellow
Sheridan,Northeast
Shingle Creek,Camden
St Anthony East,Northeast
St Anthony West,Northeast
Standish,Powderhorn
Stevens Sq/Loring Hgts,Central
Sumner-Glenwood,Near North
Tangletown,Southwest
University,University
Ventura Village,Phillips
Victory,Camden
Waite Park,Northeast
Webber-Camden,Camden
Wenonah,Nokomis
West Calhoun,Calhoun-Isle
Whittier,Powderhorn
Willard-Hay,Near North
Windom,Southwest
Windom Park,Northeast
